Id,Success,Created,Error
0010I00001zz2BnQAI,0,1,2
0010I00001zz2BoQAI,0,1,2
0010I00001zz2BpQAI,0,1,2
0010I00001zz2BqQAI,0,1,2
0010I00001zz2BrQAI,0,1,2
0010I00001zz2BsQAI,0,1,2
0010I00001zz2BtQAI,0,1,2
0010I00001zz2BuQAI,0,1,2
0010I00001zz2BvQAI,0,1,2
0010I00001zz2BwQAI,0,1,2
0010I00001zz2BxQAI,0,1,2
0010I00001zz2ByQAI,0,1,2
0010I00001zz2BzQAI,0,1,2
0010I00001zz2C0QAI,0,1,2
0010I00001zz2C1QAI,0,1,2
0010I00001zz2C2QAI,0,1,2
0010I00001zz2C3QAI,0,1,2
0010I00001zz2C4QAI,0,1,2
0010I00001zz2C5QAI,0,1,2
0010I00001zz2C6QAI,0,1,2
0010I00001zz2C7QAI,0,1,2
0010I00001zz2C8QAI,0,1,2
0010I00001zz2C9QAI,0,1,2
0010I00001zz2CAQAY,0,1,2
0010I00001zz2CBQAY,0,1,2
0010I00001zz2CCQAY,0,1,2
0010I00001zz2CDQAY,0,1,2
0010I00001zz2CEQAY,0,1,2
0010I00001zz2CFQAY,0,1,2
0010I00001zz2CGQAY,0,1,2
0010I00001zz2CHQAY,0,1,2
0010I00001zz2CIQAY,0,1,2
0010I00001zz2CJQAY,0,1,2
0010I00001zz2CKQAY,0,1,2
0010I00001zz2CLQAY,0,1,2
0010I00001zz2CMQAY,0,1,2
0010I00001zz2CNQAY,0,1,2
0010I00001zz2COQAY,0,1,2
0010I00001zz2CPQAY,0,1,2
0010I00001zz2CQQAY,0,1,2
0010I00001zz2CRQAY,0,1,2
0010I00001zz2CSQAY,0,1,2
0010I00001zz2CTQAY,0,1,2
0010I00001zz2CUQAY,0,1,2
0010I00001zz2CVQAY,0,1,2
0010I00001zz2CWQAY,0,1,2
0010I00001zz2CXQAY,0,1,2
0010I00001zz2CYQAY,0,1,2
0010I00001zz2CZQAY,0,1,2
0010I00001zz2CaQAI,0,1,2
0010I00001zz2CbQAI,0,1,2
0010I00001zz2CcQAI,0,1,2
0010I00001zz2CdQAI,0,1,2
0010I00001zz2CeQAI,0,1,2
0010I00001zz2CfQAI,0,1,2
0010I00001zz2CgQAI,0,1,2
0010I00001zz2ChQAI,0,1,2
0010I00001zz2CiQAI,0,1,2
0010I00001zz2CjQAI,0,1,2
0010I00001zz2CkQAI,0,1,2
0010I00001zz2ClQAI,0,1,2
0010I00001zz2CmQAI,0,1,2
0010I00001zz2CnQAI,0,1,2
0010I00001zz2CoQAI,0,1,2
0010I00001zz2CpQAI,0,1,2
0010I00001zz2CqQAI,0,1,2
0010I00001zz2CrQAI,0,1,2
0010I00001zz2CsQAI,0,1,2
0010I00001zz2CtQAI,0,1,2
0010I00001zz2CuQAI,0,1,2
0010I00001zz2CvQAI,0,1,2
0010I00001zz2CwQAI,0,1,2
0010I00001zz2CxQAI,0,1,2
0010I00001zz2CyQAI,0,1,2
0010I00001zz2CzQAI,0,1,2
0010I00001zz2D0QAI,0,1,2
0010I00001zz2D1QAI,0,1,2
0010I00001zz2D2QAI,0,1,2
0010I00001zz2D3QAI,0,1,2
0010I00001zz2D4QAI,0,1,2
0010I00001zz2D5QAI,0,1,2
0010I00001zz2D6QAI,0,1,2
0010I00001zz2D7QAI,0,1,2
0010I00001zz2D8QAI,0,1,2
0010I00001zz2D9QAI,0,1,2
0010I00001zz2DAQAY,0,1,2
0010I00001zz2DBQAY,0,1,2
0010I00001zz2DCQAY,0,1,2
0010I00001zz2DDQAY,0,1,2
0010I00001zz2DEQAY,0,1,2
0010I00001zz2DFQAY,0,1,2
0010I00001zz2DGQAY,0,1,2
0010I00001zz2DHQAY,0,1,2
0010I00001zz2DIQAY,0,1,2
0010I00001zz2DJQAY,0,1,2
0010I00001zz2DKQAY,0,1,2
0010I00001zz2DLQAY,0,1,2
0010I00001zz2DMQAY,0,1,2
0010I00001zz2DNQAY,0,1,2
